{
  "theme": "tech",
  "author": "zhaoyu",
  "email": "dutzhaoyu@gmail.com",
  "version": "0.01",
  "contents": [
    {
      "category": "综合版块",
      "websites": [
        {
          "tag": "门户网站",
          "url": [
            "http://geek.csdn.net/admin/news_service/rss",
            "http://blog.jobbole.com/feed/",
            "http://feed.cnblogs.com/blog/sitehome/rss",
            "https://segmentfault.com/feeds",
            "http://www.codeceo.com/article/category/pick/feed"
          ]
        },
        {
          "tag": "知名社区",
          "url": [
            "https://stackoverflow.com/feeds"
          ]
        },
        {
          "tag": "官方博客",
          "url": [
            "https://www.blog.google/rss/"
          ]
        },
        {
          "tag": "个人博客-行业",
          "url": [
            "http://feed.williamlong.info/",
            "https://www.liaoxuefeng.com/feed/articles"
          ]
        },
        {
          "tag": "个人博客-学术",
          "url": [
            "http://www.norvig.com/rss-feed.xml"
          ]
        }
      ]
    },
    {
      "category": "编程语言",
      "websites": [
        {
          "tag": "Kotlin",
          "url": [
            "https://kotliner.cn/api/rss/latest"
          ]
        },
        {
          "tag": "Python",
          "url": [
            "https://www.python.org/dev/peps/peps.rss/"
          ]
        },
        {
          "tag": "Java",
          "url": [
            "http://www.codeceo.com/article/category/develop/java/feed"
          ]
        }
      ]
    },
    {
      "category": "行业动态",
      "websites": [
        {
          "tag": "Android",
          "url": [
            "http://www.codeceo.com/article/category/develop/android/feed"
          ]
        }
      ]
    },
    {
      "category": "乱七八遭",
      "websites": [
        {
          "tag": "Linux-综合",
          "url": [
            "https://linux.cn/rss.xml",
            "http://www.linuxidc.com/rssFeed.aspx",
            "http://www.codeceo.com/article/tag/linux/feed"
          ]
        },
        {
          "tag": "Linux-发行版",
          "url": [
            "https://blog.linuxmint.com/?feed=rss2",
            "https://manjaro.github.io/feed.xml"
          ]
        }
      ]
    }
  ]
}

